MG,MG_0330-lo.jpg,MG_0345-lo.jpg,MG_0754-lo.jpg,MG_0928-lo.jpg,MG_1069-lo.jpg,MG_1280-lo.jpg,MG_1317-lo.jpg
ML,ML_0007-lo.jpg,ML_0087-lo.jpg,ML_0411-lo.jpg,ML_0461-lo.jpg,ML_0746-lo.jpg,ML_1427-lo.jpg,ML_1982-lo.jpg
HW,HW_0006-lo.jpg,HW_0068-lo.jpg,HW_0452-lo.jpg,HW_1612-lo.jpg,HW_2057-lo.jpg,HW_2219-lo.jpg,HW_2478-lo.jpg
PA,PA_0006-lo.jpg,PA_0112-lo.jpg,PA_0394-lo.jpg,PA_0840-lo.jpg,PA_0967-lo.jpg,PA_1348-lo.jpg,PA_1701-lo.jpg
KP,KP_0051-lo.jpg,KP_0082-lo.jpg,KP_0225-lo.jpg,KP_0351-lo.jpg,KP_0760-lo.jpg,KP_0991-lo.jpg,KP_1148-lo.jpg
KA,KA_0003-lo.jpg,KA_0043-lo.jpg,KA_0535-lo.jpg,KA_0884-lo.jpg,KA_1134-lo.jpg,KA_1616-lo.jpg,KA_2396-lo.jpg
MT,MT_0006-lo.jpg,MT_0132-lo.jpg,MT_0821-lo.jpg,MT_1199-lo.jpg,MT_1418-lo.jpg,MT_1519-lo.jpg,MT_1802-lo.jpg
KS,KS_0252-lo.jpg,KS_0624-lo.jpg,KS_0993-lo.jpg,KS_2052-lo.jpg,KS_2161-lo.jpg,KS_3640-lo.jpg,KS_4222-lo.jpg
DC,DC_0014-lo.jpg,DC_0139-lo.jpg,DC_0272-lo.jpg,DC_0616-lo.jpg,DC_0952-lo.jpg,DC_1317-lo.jpg,DC_1399-lo.jpg
PB,PB_0001-lo.jpg,PB_0144-lo.jpg,PB_0269-lo.jpg,PB_0314-lo.jpg,PB_0442-lo.jpg,PB_0499-lo.jpg,PB_1383-lo.jpg
MU,MU_0014-lo.jpg,MU_0063-lo.jpg,MU_0580-lo.jpg,MU_0896-lo.jpg,MU_1290-lo.jpg,MU_1829-lo.jpg,MU_2086-lo.jpg
PS,PS_0100-lo.jpg,PS_0157-lo.jpg,PS_0216-lo.jpg,PS_0236-lo.jpg,PS_0282-lo.jpg,PS_0719-lo.jpg,PS_0746-lo.jpg
RA,RA_0057-lo.jpg,RA_0317-lo.jpg,RA_1215-lo.jpg,RA_1786-lo.jpg,RA_2267-lo.jpg,RA_2800-lo.jpg,RA_3483-lo.jpg
KM,KM_0017-lo.jpg,KM_0137-lo.jpg,KM_0620-lo.jpg,KM_1295-lo.jpg,KM_1583-lo.jpg,KM_1797-lo.jpg,KM_1980-lo.jpg
JS,JS_0008-lo.jpg,JS_0281-lo.jpg,JS_0449-lo.jpg,JS_0744-lo.jpg,JS_1601-lo.jpg,JS_2296-lo.jpg,JS_2987-lo.jpg
SO,SO_0028-lo.jpg,SO_0053-lo.jpg,SO_0071-lo.jpg,SO_0223-lo.jpg,SO_0893-lo.jpg,SO_1515-lo.jpg,SO_2188-lo.jpg
AG,AG_0011-lo.jpg,AG_0086-lo.jpg,AG_0283-lo.jpg,AG_0424-lo.jpg,AG_0666-lo.jpg,AG_1314-lo.jpg,AG_1460-lo.jpg
KL,KL_0024-lo.jpg,KL_0092-lo.jpg,KL_0324-lo.jpg,KL_0697-lo.jpg,KL_0900-lo.jpg,KL_1182-lo.jpg,KL_1438-lo.jpg
PO,PO_0015-lo.jpg,PO_0124-lo.jpg,PO_0553-lo.jpg,PO_0673-lo.jpg,PO_0843-lo.jpg,PO_0951-lo.jpg,PO_1030-lo.jpg
KO,KO_0031-lo.jpg,KO_0251-lo.jpg,KO_0277-lo.jpg,KO_0484-lo.jpg,KO_0624-lo.jpg,KO_0665-lo.jpg,KO_1082-lo.jpg
SS,SS_0018-lo.jpg,SS_0032-lo.jpg,SS_0084-lo.jpg,SS_0151-lo.jpg,SS_0302-lo.jpg,SS_0539-lo.jpg,SS_1188-lo.jpg
JG,JG_0024-lo.jpg,JG_0134-lo.jpg,JG_1226-lo.jpg,JG_1329-lo.jpg,JG_1465-lo.jpg,JG_1632-lo.jpg,JG_2291-lo.jpg
MS,MS_0004-lo.jpg,MS_0104-lo.jpg,MS_0226-lo.jpg,MS_0291-lo.jpg,MS_0431-lo.jpg,MS_0627-lo.jpg,MS_0695-lo.jpg
RB,RB_0006-lo.jpg,RB_0167-lo.jpg,RB_0255-lo.jpg,RB_0329-lo.jpg,RB_0392-lo.jpg,RB_0458-lo.jpg,RB_0586-lo.jpg
OG,OG_6108-lo.jpg,OG_6189-lo.jpg,OG_6390-lo.jpg,OG_6484-lo.jpg,OG_6566-lo.jpg,OG_7620-lo.jpg,OG_7702-lo.jpg
MR,MR_0013-lo.jpg,MR_0055-lo.jpg,MR_0619-lo.jpg,MR_0959-lo.jpg,MR_1669-lo.jpg,MR_2450-lo.jpg,MR_2767-lo.jpg
MB,MB_0026-lo.jpg,MB_0048-lo.jpg,MB_0400-lo.jpg,MB_1031-lo.jpg,MB_1210-lo.jpg,MB_2133-lo.jpg,MB_2362-lo.jpg
AD,AD_7885-lo.jpg,AD_7950-lo.jpg,AD_8268-lo.jpg,AD_8397-lo.jpg,AD_8432-lo.jpg,AD_8595-lo.jpg,AD_9681-lo.jpg
MK,MK_0001-lo.jpg,MK_0040-lo.jpg,MK_0173-lo.jpg,MK_0255-lo.jpg,MK_0306-lo.jpg,MK_0364-lo.jpg,MK_0496-lo.jpg
MJ,MJ_0066-lo.jpg,MJ_0152-lo.jpg,MJ_0271-lo.jpg,MJ_0332-lo.jpg,MJ_0346-lo.jpg,MJ_0370-lo.jpg,MJ_0484-lo.jpg
Rafd090_01,Rafd090_01_Caucasian_female_angry_frontal.jpg,Rafd090_01_Caucasian_female_contemptuous_frontal.jpg,Rafd090_01_Caucasian_female_disgusted_frontal.jpg,Rafd090_01_Caucasian_female_fearful_frontal.jpg,Rafd090_01_Caucasian_female_happy_frontal.jpg,Rafd090_01_Caucasian_female_neutral_frontal.jpg,Rafd090_01_Caucasian_female_sad_frontal.jpg,Rafd090_01_Caucasian_female_surprised_frontal.jpg
Rafd090_47,Rafd090_47_Caucasian_male_angry_frontal.jpg,Rafd090_47_Caucasian_male_contemptuous_frontal.jpg,Rafd090_47_Caucasian_male_disgusted_frontal.jpg,Rafd090_47_Caucasian_male_fearful_frontal.jpg,Rafd090_47_Caucasian_male_happy_frontal.jpg,Rafd090_47_Caucasian_male_neutral_frontal.jpg,Rafd090_47_Caucasian_male_sad_frontal.jpg,Rafd090_47_Caucasian_male_surprised_frontal.jpg
Rafd090_16,Rafd090_16_Caucasian_female_angry_frontal.jpg,Rafd090_16_Caucasian_female_contemptuous_frontal.jpg,Rafd090_16_Caucasian_female_disgusted_frontal.jpg,Rafd090_16_Caucasian_female_fearful_frontal.jpg,Rafd090_16_Caucasian_female_happy_frontal.jpg,Rafd090_16_Caucasian_female_neutral_frontal.jpg,Rafd090_16_Caucasian_female_sad_frontal.jpg,Rafd090_16_Caucasian_female_surprised_frontal.jpg
Rafd090_20,Rafd090_20_Caucasian_male_angry_frontal.jpg,Rafd090_20_Caucasian_male_contemptuous_frontal.jpg,Rafd090_20_Caucasian_male_disgusted_frontal.jpg,Rafd090_20_Caucasian_male_fearful_frontal.jpg,Rafd090_20_Caucasian_male_happy_frontal.jpg,Rafd090_20_Caucasian_male_neutral_frontal.jpg,Rafd090_20_Caucasian_male_sad_frontal.jpg,Rafd090_20_Caucasian_male_surprised_frontal.jpg
Rafd090_23,Rafd090_23_Caucasian_male_angry_frontal.jpg,Rafd090_23_Caucasian_male_contemptuous_frontal.jpg,Rafd090_23_Caucasian_male_disgusted_frontal.jpg,Rafd090_23_Caucasian_male_fearful_frontal.jpg,Rafd090_23_Caucasian_male_happy_frontal.jpg,Rafd090_23_Caucasian_male_neutral_frontal.jpg,Rafd090_23_Caucasian_male_sad_frontal.jpg,Rafd090_23_Caucasian_male_surprised_frontal.jpg
Rafd090_31,Rafd090_31_Caucasian_female_angry_frontal.jpg,Rafd090_31_Caucasian_female_contemptuous_frontal.jpg,Rafd090_31_Caucasian_female_disgusted_frontal.jpg,Rafd090_31_Caucasian_female_fearful_frontal.jpg,Rafd090_31_Caucasian_female_happy_frontal.jpg,Rafd090_31_Caucasian_female_neutral_frontal.jpg,Rafd090_31_Caucasian_female_sad_frontal.jpg,Rafd090_31_Caucasian_female_surprised_frontal.jpg
Rafd090_38,Rafd090_38_Caucasian_male_angry_frontal.jpg,Rafd090_38_Caucasian_male_contemptuous_frontal.jpg,Rafd090_38_Caucasian_male_disgusted_frontal.jpg,Rafd090_38_Caucasian_male_fearful_frontal.jpg,Rafd090_38_Caucasian_male_happy_frontal.jpg,Rafd090_38_Caucasian_male_neutral_frontal.jpg,Rafd090_38_Caucasian_male_sad_frontal.jpg,Rafd090_38_Caucasian_male_surprised_frontal.jpg
Rafd090_03,Rafd090_03_Caucasian_male_angry_frontal.jpg,Rafd090_03_Caucasian_male_contemptuous_frontal.jpg,Rafd090_03_Caucasian_male_disgusted_frontal.jpg,Rafd090_03_Caucasian_male_fearful_frontal.jpg,Rafd090_03_Caucasian_male_happy_frontal.jpg,Rafd090_03_Caucasian_male_neutral_frontal.jpg,Rafd090_03_Caucasian_male_sad_frontal.jpg,Rafd090_03_Caucasian_male_surprised_frontal.jpg
Rafd090_02,Rafd090_02_Caucasian_female_angry_frontal.jpg,Rafd090_02_Caucasian_female_contemptuous_frontal.jpg,Rafd090_02_Caucasian_female_disgusted_frontal.jpg,Rafd090_02_Caucasian_female_fearful_frontal.jpg,Rafd090_02_Caucasian_female_happy_frontal.jpg,Rafd090_02_Caucasian_female_neutral_frontal.jpg,Rafd090_02_Caucasian_female_sad_frontal.jpg,Rafd090_02_Caucasian_female_surprised_frontal.jpg
Rafd090_37,Rafd090_37_Caucasian_female_angry_frontal.jpg,Rafd090_37_Caucasian_female_contemptuous_frontal.jpg,Rafd090_37_Caucasian_female_disgusted_frontal.jpg,Rafd090_37_Caucasian_female_fearful_frontal.jpg,Rafd090_37_Caucasian_female_happy_frontal.jpg,Rafd090_37_Caucasian_female_neutral_frontal.jpg,Rafd090_37_Caucasian_female_sad_frontal.jpg,Rafd090_37_Caucasian_female_surprised_frontal.jpg
Rafd090_04,Rafd090_04_Caucasian_female_angry_frontal.jpg,Rafd090_04_Caucasian_female_contemptuous_frontal.jpg,Rafd090_04_Caucasian_female_disgusted_frontal.jpg,Rafd090_04_Caucasian_female_fearful_frontal.jpg,Rafd090_04_Caucasian_female_happy_frontal.jpg,Rafd090_04_Caucasian_female_neutral_frontal.jpg,Rafd090_04_Caucasian_female_sad_frontal.jpg,Rafd090_04_Caucasian_female_surprised_frontal.jpg
Rafd090_09,Rafd090_09_Caucasian_male_angry_frontal.jpg,Rafd090_09_Caucasian_male_contemptuous_frontal.jpg,Rafd090_09_Caucasian_male_disgusted_frontal.jpg,Rafd090_09_Caucasian_male_fearful_frontal.jpg,Rafd090_09_Caucasian_male_happy_frontal.jpg,Rafd090_09_Caucasian_male_neutral_frontal.jpg,Rafd090_09_Caucasian_male_sad_frontal.jpg,Rafd090_09_Caucasian_male_surprised_frontal.jpg
Rafd090_10,Rafd090_10_Caucasian_male_angry_frontal.jpg,Rafd090_10_Caucasian_male_contemptuous_frontal.jpg,Rafd090_10_Caucasian_male_disgusted_frontal.jpg,Rafd090_10_Caucasian_male_fearful_frontal.jpg,Rafd090_10_Caucasian_male_happy_frontal.jpg,Rafd090_10_Caucasian_male_neutral_frontal.jpg,Rafd090_10_Caucasian_male_sad_frontal.jpg,Rafd090_10_Caucasian_male_surprised_frontal.jpg
Rafd090_26,Rafd090_26_Caucasian_female_angry_frontal.jpg,Rafd090_26_Caucasian_female_contemptuous_frontal.jpg,Rafd090_26_Caucasian_female_disgusted_frontal.jpg,Rafd090_26_Caucasian_female_fearful_frontal.jpg,Rafd090_26_Caucasian_female_happy_frontal.jpg,Rafd090_26_Caucasian_female_neutral_frontal.jpg,Rafd090_26_Caucasian_female_sad_frontal.jpg,Rafd090_26_Caucasian_female_surprised_frontal.jpg
Rafd090_46,Rafd090_46_Caucasian_male_angry_frontal.jpg,Rafd090_46_Caucasian_male_contemptuous_frontal.jpg,Rafd090_46_Caucasian_male_disgusted_frontal.jpg,Rafd090_46_Caucasian_male_fearful_frontal.jpg,Rafd090_46_Caucasian_male_happy_frontal.jpg,Rafd090_46_Caucasian_male_neutral_frontal.jpg,Rafd090_46_Caucasian_male_sad_frontal.jpg,Rafd090_46_Caucasian_male_surprised_frontal.jpg
Rafd090_33,Rafd090_33_Caucasian_male_angry_frontal.jpg,Rafd090_33_Caucasian_male_contemptuous_frontal.jpg,Rafd090_33_Caucasian_male_disgusted_frontal.jpg,Rafd090_33_Caucasian_male_fearful_frontal.jpg,Rafd090_33_Caucasian_male_happy_frontal.jpg,Rafd090_33_Caucasian_male_neutral_frontal.jpg,Rafd090_33_Caucasian_male_sad_frontal.jpg,Rafd090_33_Caucasian_male_surprised_frontal.jpg
Rafd090_58,Rafd090_58_Caucasian_female_angry_frontal.jpg,Rafd090_58_Caucasian_female_contemptuous_frontal.jpg,Rafd090_58_Caucasian_female_disgusted_frontal.jpg,Rafd090_58_Caucasian_female_fearful_frontal.jpg,Rafd090_58_Caucasian_female_happy_frontal.jpg,Rafd090_58_Caucasian_female_neutral_frontal.jpg,Rafd090_58_Caucasian_female_sad_frontal.jpg,Rafd090_58_Caucasian_female_surprised_frontal.jpg
Rafd090_30,Rafd090_30_Caucasian_male_angry_frontal.jpg,Rafd090_30_Caucasian_male_contemptuous_frontal.jpg,Rafd090_30_Caucasian_male_disgusted_frontal.jpg,Rafd090_30_Caucasian_male_fearful_frontal.jpg,Rafd090_30_Caucasian_male_happy_frontal.jpg,Rafd090_30_Caucasian_male_neutral_frontal.jpg,Rafd090_30_Caucasian_male_sad_frontal.jpg,Rafd090_30_Caucasian_male_surprised_frontal.jpg
Rafd090_21,Rafd090_21_Caucasian_male_angry_frontal.jpg,Rafd090_21_Caucasian_male_contemptuous_frontal.jpg,Rafd090_21_Caucasian_male_disgusted_frontal.jpg,Rafd090_21_Caucasian_male_fearful_frontal.jpg,Rafd090_21_Caucasian_male_happy_frontal.jpg,Rafd090_21_Caucasian_male_neutral_frontal.jpg,Rafd090_21_Caucasian_male_sad_frontal.jpg,Rafd090_21_Caucasian_male_surprised_frontal.jpg
Rafd090_22,Rafd090_22_Caucasian_female_angry_frontal.jpg,Rafd090_22_Caucasian_female_contemptuous_frontal.jpg,Rafd090_22_Caucasian_female_disgusted_frontal.jpg,Rafd090_22_Caucasian_female_fearful_frontal.jpg,Rafd090_22_Caucasian_female_happy_frontal.jpg,Rafd090_22_Caucasian_female_neutral_frontal.jpg,Rafd090_22_Caucasian_female_sad_frontal.jpg,Rafd090_22_Caucasian_female_surprised_frontal.jpg
Rafd090_24,Rafd090_24_Caucasian_male_angry_frontal.jpg,Rafd090_24_Caucasian_male_contemptuous_frontal.jpg,Rafd090_24_Caucasian_male_disgusted_frontal.jpg,Rafd090_24_Caucasian_male_fearful_frontal.jpg,Rafd090_24_Caucasian_male_happy_frontal.jpg,Rafd090_24_Caucasian_male_neutral_frontal.jpg,Rafd090_24_Caucasian_male_sad_frontal.jpg,Rafd090_24_Caucasian_male_surprised_frontal.jpg
Rafd090_36,Rafd090_36_Caucasian_male_angry_frontal.jpg,Rafd090_36_Caucasian_male_contemptuous_frontal.jpg,Rafd090_36_Caucasian_male_disgusted_frontal.jpg,Rafd090_36_Caucasian_male_fearful_frontal.jpg,Rafd090_36_Caucasian_male_happy_frontal.jpg,Rafd090_36_Caucasian_male_neutral_frontal.jpg,Rafd090_36_Caucasian_male_sad_frontal.jpg,Rafd090_36_Caucasian_male_surprised_frontal.jpg
Rafd090_18,Rafd090_18_Caucasian_female_angry_frontal.jpg,Rafd090_18_Caucasian_female_contemptuous_frontal.jpg,Rafd090_18_Caucasian_female_disgusted_frontal.jpg,Rafd090_18_Caucasian_female_fearful_frontal.jpg,Rafd090_18_Caucasian_female_happy_frontal.jpg,Rafd090_18_Caucasian_female_neutral_frontal.jpg,Rafd090_18_Caucasian_female_sad_frontal.jpg,Rafd090_18_Caucasian_female_surprised_frontal.jpg
Rafd090_05,Rafd090_05_Caucasian_male_angry_frontal.jpg,Rafd090_05_Caucasian_male_contemptuous_frontal.jpg,Rafd090_05_Caucasian_male_disgusted_frontal.jpg,Rafd090_05_Caucasian_male_fearful_frontal.jpg,Rafd090_05_Caucasian_male_happy_frontal.jpg,Rafd090_05_Caucasian_male_neutral_frontal.jpg,Rafd090_05_Caucasian_male_sad_frontal.jpg,Rafd090_05_Caucasian_male_surprised_frontal.jpg
Rafd090_15,Rafd090_15_Caucasian_male_angry_frontal.jpg,Rafd090_15_Caucasian_male_contemptuous_frontal.jpg,Rafd090_15_Caucasian_male_disgusted_frontal.jpg,Rafd090_15_Caucasian_male_fearful_frontal.jpg,Rafd090_15_Caucasian_male_happy_frontal.jpg,Rafd090_15_Caucasian_male_neutral_frontal.jpg,Rafd090_15_Caucasian_male_sad_frontal.jpg,Rafd090_15_Caucasian_male_surprised_frontal.jpg
Rafd090_32,Rafd090_32_Caucasian_female_angry_frontal.jpg,Rafd090_32_Caucasian_female_contemptuous_frontal.jpg,Rafd090_32_Caucasian_female_disgusted_frontal.jpg,Rafd090_32_Caucasian_female_fearful_frontal.jpg,Rafd090_32_Caucasian_female_happy_frontal.jpg,Rafd090_32_Caucasian_female_neutral_frontal.jpg,Rafd090_32_Caucasian_female_sad_frontal.jpg,Rafd090_32_Caucasian_female_surprised_frontal.jpg
Rafd090_61,Rafd090_61_Caucasian_female_angry_frontal.jpg,Rafd090_61_Caucasian_female_contemptuous_frontal.jpg,Rafd090_61_Caucasian_female_disgusted_frontal.jpg,Rafd090_61_Caucasian_female_fearful_frontal.jpg,Rafd090_61_Caucasian_female_happy_frontal.jpg,Rafd090_61_Caucasian_female_neutral_frontal.jpg,Rafd090_61_Caucasian_female_sad_frontal.jpg,Rafd090_61_Caucasian_female_surprised_frontal.jpg
Rafd090_14,Rafd090_14_Caucasian_female_angry_frontal.jpg,Rafd090_14_Caucasian_female_contemptuous_frontal.jpg,Rafd090_14_Caucasian_female_disgusted_frontal.jpg,Rafd090_14_Caucasian_female_fearful_frontal.jpg,Rafd090_14_Caucasian_female_happy_frontal.jpg,Rafd090_14_Caucasian_female_neutral_frontal.jpg,Rafd090_14_Caucasian_female_sad_frontal.jpg,Rafd090_14_Caucasian_female_surprised_frontal.jpg
Rafd090_28,Rafd090_28_Caucasian_male_angry_frontal.jpg,Rafd090_28_Caucasian_male_contemptuous_frontal.jpg,Rafd090_28_Caucasian_male_disgusted_frontal.jpg,Rafd090_28_Caucasian_male_fearful_frontal.jpg,Rafd090_28_Caucasian_male_happy_frontal.jpg,Rafd090_28_Caucasian_male_neutral_frontal.jpg,Rafd090_28_Caucasian_male_sad_frontal.jpg,Rafd090_28_Caucasian_male_surprised_frontal.jpg
Rafd090_07,Rafd090_07_Caucasian_male_angry_frontal.jpg,Rafd090_07_Caucasian_male_contemptuous_frontal.jpg,Rafd090_07_Caucasian_male_disgusted_frontal.jpg,Rafd090_07_Caucasian_male_fearful_frontal.jpg,Rafd090_07_Caucasian_male_happy_frontal.jpg,Rafd090_07_Caucasian_male_neutral_frontal.jpg,Rafd090_07_Caucasian_male_sad_frontal.jpg,Rafd090_07_Caucasian_male_surprised_frontal.jpg
Rafd090_25,Rafd090_25_Caucasian_male_angry_frontal.jpg,Rafd090_25_Caucasian_male_contemptuous_frontal.jpg,Rafd090_25_Caucasian_male_disgusted_frontal.jpg,Rafd090_25_Caucasian_male_fearful_frontal.jpg,Rafd090_25_Caucasian_male_happy_frontal.jpg,Rafd090_25_Caucasian_male_neutral_frontal.jpg,Rafd090_25_Caucasian_male_sad_frontal.jpg,Rafd090_25_Caucasian_male_surprised_frontal.jpg
Rafd090_19,Rafd090_19_Caucasian_female_angry_frontal.jpg,Rafd090_19_Caucasian_female_contemptuous_frontal.jpg,Rafd090_19_Caucasian_female_disgusted_frontal.jpg,Rafd090_19_Caucasian_female_fearful_frontal.jpg,Rafd090_19_Caucasian_female_happy_frontal.jpg,Rafd090_19_Caucasian_female_neutral_frontal.jpg,Rafd090_19_Caucasian_female_sad_frontal.jpg,Rafd090_19_Caucasian_female_surprised_frontal.jpg
Rafd090_57,Rafd090_57_Caucasian_female_angry_frontal.jpg,Rafd090_57_Caucasian_female_contemptuous_frontal.jpg,Rafd090_57_Caucasian_female_disgusted_frontal.jpg,Rafd090_57_Caucasian_female_fearful_frontal.jpg,Rafd090_57_Caucasian_female_happy_frontal.jpg,Rafd090_57_Caucasian_female_neutral_frontal.jpg,Rafd090_57_Caucasian_female_sad_frontal.jpg,Rafd090_57_Caucasian_female_surprised_frontal.jpg
Rafd090_56,Rafd090_56_Caucasian_female_angry_frontal.jpg,Rafd090_56_Caucasian_female_contemptuous_frontal.jpg,Rafd090_56_Caucasian_female_disgusted_frontal.jpg,Rafd090_56_Caucasian_female_fearful_frontal.jpg,Rafd090_56_Caucasian_female_happy_frontal.jpg,Rafd090_56_Caucasian_female_neutral_frontal.jpg,Rafd090_56_Caucasian_female_sad_frontal.jpg,Rafd090_56_Caucasian_female_surprised_frontal.jpg
Rafd090_71,Rafd090_71_Caucasian_male_angry_frontal.jpg,Rafd090_71_Caucasian_male_contemptuous_frontal.jpg,Rafd090_71_Caucasian_male_disgusted_frontal.jpg,Rafd090_71_Caucasian_male_fearful_frontal.jpg,Rafd090_71_Caucasian_male_happy_frontal.jpg,Rafd090_71_Caucasian_male_neutral_frontal.jpg,Rafd090_71_Caucasian_male_sad_frontal.jpg,Rafd090_71_Caucasian_male_surprised_frontal.jpg
Rafd090_12,Rafd090_12_Caucasian_female_angry_frontal.jpg,Rafd090_12_Caucasian_female_contemptuous_frontal.jpg,Rafd090_12_Caucasian_female_disgusted_frontal.jpg,Rafd090_12_Caucasian_female_fearful_frontal.jpg,Rafd090_12_Caucasian_female_happy_frontal.jpg,Rafd090_12_Caucasian_female_neutral_frontal.jpg,Rafd090_12_Caucasian_female_sad_frontal.jpg,Rafd090_12_Caucasian_female_surprised_frontal.jpg
Rafd090_49,Rafd090_49_Caucasian_male_angry_frontal.jpg,Rafd090_49_Caucasian_male_contemptuous_frontal.jpg,Rafd090_49_Caucasian_male_disgusted_frontal.jpg,Rafd090_49_Caucasian_male_fearful_frontal.jpg,Rafd090_49_Caucasian_male_happy_frontal.jpg,Rafd090_49_Caucasian_male_neutral_frontal.jpg,Rafd090_49_Caucasian_male_sad_frontal.jpg,Rafd090_49_Caucasian_male_surprised_frontal.jpg
Rafd090_08,Rafd090_08_Caucasian_female_angry_frontal.jpg,Rafd090_08_Caucasian_female_contemptuous_frontal.jpg,Rafd090_08_Caucasian_female_disgusted_frontal.jpg,Rafd090_08_Caucasian_female_fearful_frontal.jpg,Rafd090_08_Caucasian_female_happy_frontal.jpg,Rafd090_08_Caucasian_female_neutral_frontal.jpg,Rafd090_08_Caucasian_female_sad_frontal.jpg,Rafd090_08_Caucasian_female_surprised_frontal.jpg
Rafd090_27,Rafd090_27_Caucasian_female_angry_frontal.jpg,Rafd090_27_Caucasian_female_contemptuous_frontal.jpg,Rafd090_27_Caucasian_female_disgusted_frontal.jpg,Rafd090_27_Caucasian_female_fearful_frontal.jpg,Rafd090_27_Caucasian_female_happy_frontal.jpg,Rafd090_27_Caucasian_female_neutral_frontal.jpg,Rafd090_27_Caucasian_female_sad_frontal.jpg,Rafd090_27_Caucasian_female_surprised_frontal.jpg
M01,M01-Anger-Apex.jpg,M01-Contempt-Apex.jpg,M01-Disgust-Apex.jpg,M01-Embarrass-Apex.jpg,M01-Fear-Apex.jpg,M01-Joy-Apex.jpg,M01-Neutral.jpg,M01-Pride-Apex.jpg,M01-Sad-Apex.jpg,M01-Surprise-Apex.jpg
F07,F07-Anger-Apex.jpg,F07-Contempt-Apex.jpg,F07-Disgust-Apex.jpg,F07-Embarrass-Apex.jpg,F07-Fear-Apex.jpg,F07-Joy-Apex.jpg,F07-Neutral.jpg,F07-Pride-Apex.jpg,F07-Sad-Apex.jpg,F07-Surprise-Apex.jpg
F08,F08-Anger-Apex.jpg,F08-Contempt-Apex.jpg,F08-Disgust-Apex.jpg,F08-Embarrass-Apex.jpg,F08-Fear-Apex.jpg,F08-Joy-Apex.jpg,F08-Neutral.jpg,F08-Pride-Apex.jpg,F08-Sad-Apex.jpg,F08-Surprise-Apex.jpg
M10,M10-Anger-Apex.jpg,M10-Contempt-Apex.jpg,M10-Disgust-Apex.jpg,M10-Embarrass-Apex.jpg,M10-Fear-Apex.jpg,M10-Joy-Apex.jpg,M10-Neutral.jpg,M10-Pride-Apex.jpg,M10-Sad-Apex.jpg,M10-Surprise-Apex.jpg
F06,F06-Anger-Apex.jpg,F06-Contempt-Apex.jpg,F06-Disgust-Apex.jpg,F06-Embarrass-Apex.jpg,F06-Fear-Apex.jpg,F06-Joy-Apex.jpg,F06-Neutral.jpg,F06-Pride-Apex.jpg,F06-Sad-Apex.jpg,F06-Surprise-Apex.jpg
M09,M09-Anger-Apex.jpg,M09-Contempt-Apex.jpg,M09-Disgust-Apex.jpg,M09-Embarrass-Apex.jpg,M09-Fear-Apex.jpg,M09-Joy-Apex.jpg,M09-Neutral.jpg,M09-Sad-Apex.jpg,M09-Surprise-Apex.jpg
F10,F10-Anger-Apex.jpg,F10-Contempt-Apex.jpg,F10-Disgust-Apex.jpg,F10-Fear-Apex.jpg,F10-Joy-Apex.jpg,F10-Neutral.jpg,F10-Sad-Apex.jpg
M05,M05-Anger-Apex.jpg,M05-Contempt-Apex.jpg,M05-Disgust-Apex.jpg,M05-Embarrass-Apex.jpg,M05-Fear-Apex.jpg,M05-Joy-Apex.jpg,M05-Neutral.jpg,M05-Pride-Apex.jpg,M05-Sad-Apex.jpg,M05-Surprise-Apex.jpg
M07,M07-Anger-Apex.jpg,M07-Contempt-Apex.jpg,M07-Disgust-Apex.jpg,M07-Embarrass-Apex.jpg,M07-Fear-Apex.jpg,M07-Joy-Apex.jpg,M07-Neutral.jpg,M07-Pride-Apex.jpg,M07-Sad-Apex.jpg,M07-Surprise-Apex.jpg
F09,F09-Anger-Apex.jpg,F09-Contempt-Apex.jpg,F09-Disgust-Apex.jpg,F09-Embarrass-Apex.jpg,F09-Fear-Apex.jpg,F09-Joy-Apex.jpg,F09-Neutral.jpg,F09-Pride-Apex.jpg,F09-Sad-Apex.jpg,F09-Surprise-Apex.jpg
F03,F03-Anger-Apex.jpg,F03-Contempt-Apex.jpg,F03-Disgust-Apex.jpg,F03-Embarrass-Apex.jpg,F03-Fear-Apex.jpg,F03-Joy-Apex.jpg,F03-Neutral.jpg,F03-Pride-Apex.jpg,F03-Sad-Apex.jpg,F03-Surprise-Apex.jpg
F05,F05-Anger-Apex.jpg,F05-Contempt-Apex.jpg,F05-Disgust-Apex.jpg,F05-Embarrass-Apex.jpg,F05-Fear-Apex.jpg,F05-Joy-Apex.jpg,F05-Neutral.jpg,F05-Pride-Apex.jpg,F05-Sad-Apex.jpg,F05-Surprise-Apex.jpg
M02,M02-Anger-Apex.jpg,M02-Contempt-Apex.jpg,M02-Disgust-Apex.jpg,M02-Embarrass-Apex.jpg,M02-Fear-Apex.jpg,M02-Joy-Apex.jpg,M02-Neutral.jpg,M02-Pride-Apex.jpg,M02-Sad-Apex.jpg,M02-Surprise-Apex.jpg
M03,M03-Anger-Apex.jpg,M03-Contempt-Apex.jpg,M03-Disgust-Apex.jpg,M03-Embarrass-Apex.jpg,M03-Fear-Apex.jpg,M03-Joy-Apex.jpg,M03-Neutral.jpg,M03-Pride-Apex.jpg,M03-Sad-Apex.jpg,M03-Surprise-Apex.jpg
F02,F02-Anger-Apex.jpg,F02-Contempt-Apex.jpg,F02-Disgust-Apex.jpg,F02-Embarrass-Apex.jpg,F02-Fear-Apex.jpg,F02-Joy-Apex.jpg,F02-Neutral.jpg,F02-Pride-Apex.jpg,F02-Sad-Apex.jpg,F02-Surprise-Apex.jpg
M04,M04-Anger-Apex.jpg,M04-Contempt-Apex.jpg,M04-Disgust-Apex.jpg,M04-Embarrass-Apex.jpg,M04-Fear-Apex.jpg,M04-Joy-Apex.jpg,M04-Neutral.jpg,M04-Pride-Apex.jpg,M04-Sad-Apex.jpg,M04-Surprise-Apex.jpg
M08,M08-Anger-Apex.jpg,M08-Contempt-Apex.jpg,M08-Disgust-Apex.jpg,M08-Embarrass-Apex.jpg,M08-Fear-Apex.jpg,M08-Joy-Apex.jpg,M08-Neutral.jpg,M08-Pride-Apex.jpg,M08-Sad-Apex.jpg,M08-Surprise-Apex.jpg
F01,F01-Anger-Apex.jpg,F01-Contempt-Apex.jpg,F01-Disgust-Apex.jpg,F01-Embarrass-Apex.jpg,F01-Fear-Apex.jpg,F01-Joy-Apex.jpg,F01-Neutral.jpg,F01-Pride-Apex.jpg,F01-Sad-Apex.jpg,F01-Surprise-Apex.jpg
F04,F04-Anger-Apex.jpg,F04-Contempt-Apex.jpg,F04-Disgust-Apex.jpg,F04-Embarrass-Apex.jpg,F04-Fear-Apex.jpg,F04-Joy-Apex.jpg,F04-Neutral.jpg,F04-Pride-Apex.jpg,F04-Sad-Apex.jpg,F04-Surprise-Apex.jpg
M06,M06-Anger-Apex.jpg,M06-Contempt-Apex.jpg,M06-Disgust-Apex.jpg,M06-Embarrass-Apex.jpg,M06-Fear-Apex.jpg,M06-Joy-Apex.jpg,M06-Neutral.jpg,M06-Pride-Apex.jpg,M06-Sad-Apex.jpg,M06-Surprise-Apex.jpg
M12,M12-Anger-Apex.jpg,M12-Contempt-Apex.jpg,M12-Disgust-Apex.jpg,M12-Embarrass-Apex.jpg,M12-Fear-Apex.jpg,M12-Joy-Apex.jpg,M12-Neutral.jpg,M12-Pride-Apex.jpg,M12-Sad-Apex.jpg,M12-Surprise-Apex.jpg
M11,M11-Anger-Apex.jpg,M11-Contempt-Apex.jpg,M11-Disgust-Apex.jpg,M11-Embarrass-Apex.jpg,M11-Fear-Apex.jpg,M11-Joy-Apex.jpg,M11-Neutral.jpg,M11-Pride-Apex.jpg,M11-Sad-Apex.jpg,M11-Surprise-Apex.jpg
